{
  "0":{"x":0, "y":0},
  "1":{"x":0.05373042, "y":0.10565466},
  "2":{"x":0.04664221, "y":0.16758725},
  "3":{"x":0.12536779, "y":0.11821219},
  "4":{"x":0.10280278, "y":0.05765711},
  "5":{"x":0.15988354, "y":0.043583166},
  "6":{"x":0.13535836, "y":-0.03378948},
  "7":{"x":0.36159223, "y":-0.52270126},
  "8":{"x":0.09485684, "y":-0.08101245},
  "9":{"x":0.15801243, "y":-0.09685686},
  "10":{"x":0.06770126, "y":-0.1448935},
  "11":{"x":0.001789452, "y":-0.18935835},
  "12":{"x":-0.001789474, "y":-0.12535837},
  "13":{"x":-0.06158319, "y":-0.16488354},
  "14":{"x":-0.099012464, "y":-0.11185683},
  "15":{"x":-0.17010404, "y":-0.08865711},
  "16":{"x":0.27240774, "y":0.20429876},
  "17":{"x":-0.14765465, "y":-0.030730395},
  "18":{"x":-0.15065464, "y":0.015730456},
  "19":{"x":-0.1728935, "y":0.06970126},
  "20":{"x":-0.12621213, "y":0.11136782},
  "21":{"x":-0.07801243, "y":0.10585686},
  "22":{"x":-0.039789412, "y":0.14535835},
  "23":{"x":0.030315775, "y":0.2269306},
  "24":{"x":0.09383544, "y":0.25608748},
  "25":{"x":0.17009519, "y":0.1877717},
  "26":{"x":0.2117717, "y":0.12409518},
  "27":{"x":0.2540875, "y":0.05583542},
  "28":{"x":0.2939306, "y":-0.033684243},
  "29":{"x":0.22952318, "y":-0.029197697},
  "30":{"x":0.23037383, "y":-0.0976583},
  "31":{"x":0.2007717, "y":-0.1490952},
  "32":{"x":0.15409517, "y":-0.210073},
  "33":{"x":0.0977173, "y":-0.22407754},
  "34":{"x":0.5111386, "y":0.3511805},
  "35":{"x":-0.023138678, "y":-0.24981944},
  "36":{"x":-0.09065833, "y":-0.2413738},
  "37":{"x":-0.1440952, "y":-0.2027717},
  "38":{"x":-0.19187985, "y":-0.14480585},
  "39":{"x":-0.24438877, "y":-0.10283538},
  "40":{"x":-0.2415232, "y":-0.033197638},
  "41":{"x":-0.25681943, "y":0.030138722},
  "42":{"x":-0.2473738, "y":0.09965837},
  "43":{"x":-0.1857717, "y":0.13809519},
  "44":{"x":-0.16809516, "y":0.19577172},
  "45":{"x":-0.13065825, "y":0.30637383},
  "46":{"x":-0.061315693, "y":0.2489306},
  "47":{"x":0.037842084, "y":0.32250285},
  "48":{"x":0.1129696, "y":0.3345827},
  "49":{"x":0.2219546, "y":0.2772582},
  "50":{"x":0.87390286, "y":0.35359928},
  "51":{"x":0.287884, "y":0.1099696},
  "52":{"x":0.338688, "y":0.05460588},
  "53":{"x":0.32650283, "y":-0.12384212},
  "54":{"x":0.26874065, "y":-0.21253327},
  "55":{"x":0.19353323, "y":-0.28004193},
  "56":{"x":0.12696959, "y":-0.30758274},
  "57":{"x":0.04284205, "y":-0.33550286},
  "58":{"x":-0.038842108, "y":-0.32750285},
  "59":{"x":-0.11379249, "y":-0.3215678},
  "60":{"x":-0.19953328, "y":-0.2830419},
  "61":{"x":-0.26690286, "y":-0.23559926},
  "62":{"x":-0.28988406, "y":-0.16096954},
  "63":{"x":-0.33550286, "y":-0.05084203},
  "64":{"x":0.5134972, "y":0.20684212},
  "65":{"x":-0.31756774, "y":0.13179255},
  "66":{"x":-0.24490279, "y":0.21259932},
  "67":{"x":-0.20995454, "y":0.28325823},
  "68":{"x":-0.05373336, "y":0.3648641},
  "69":{"x":-0.060664836, "y":0.44539174},
  "70":{"x":-0.1716316, "y":0.8050751},
  "71":{"x":0.0441322, "y":0.42626023},
  "72":{"x":-0.52319145, "y":0.14335436},
  "73":{"x":0.1661038, "y":0.40307793},
  "74":{"x":0.2559713, "y":0.5260108},
  "75":{"x":0.372748, "y":0.5082812},
  "76":{"x":0.26528117, "y":0.347748},
  "77":{"x":0.32492584, "y":0.25839266},
  "78":{"x":0.6113544, "y":0.22880854},
  "79":{"x":0.39437926, "y":0.27310377},
  "80":{"x":0.43926024, "y":0.0731322},
  "81":{"x":0.3660751, "y":-0.04763163},
  "82":{"x":0.5340751, "y":-0.090368435},
  "83":{"x":0.44555652, "y":-0.06207318},
  "84":{"x":0.41835436, "y":-0.17080852},
  "85":{"x":0.33707795, "y":0.1548962},
  "86":{"x":0.39501083, "y":-0.26197135},
  "87":{"x":0.32492584, "y":-0.26339266},
  "88":{"x":0.24639264, "y":-0.3159259},
  "89":{"x":0.29074797, "y":-0.35328123},
  "90":{"x":0.18610376, "y":-0.381078},
  "91":{"x":0.15380847, "y":-0.4373544},
  "92":{"x":0.06113215, "y":-0.40526026},
  "93":{"x":0.1470731, "y":-0.5095566},
  "94":{"x":0.00063157, "y":-0.4440751},
  "95":{"x":-0.07607324, "y":-0.44355652},
  "96":{"x":-0.13786763, "y":-0.40105802},
  "97":{"x":-0.21110377, "y":-0.42437923},
  "98":{"x":-0.25539273, "y":-0.3439258},
  "99":{"x":-0.31297135, "y":-0.39101082},
  "100":{"x":0.9189892, "y":-0.1249713},
  "101":{"x":-0.3422812, "y":-0.302748},
  "102":{"x":-0.4123793, "y":-0.17510368},
  "103":{"x":-0.353078, "y":-0.13310368},
  "104":{"x":-0.42307508, "y":-0.029368328},
  "105":{"x":-0.46455657, "y":-0.09407307},
  "106":{"x":-0.4232602, "y":0.05013234},
  "107":{"x":-0.6355565, "y":0.0490733},
  "108":{"x":-0.349058, "y":0.0568677},
  "109":{"x":-0.531078, "y":0.05410378},
  "110":{"x":-0.48401085, "y":0.21397132},
  "111":{"x":-0.40970957, "y":0.15897132},
  "112":{"x":-0.26997122, "y":0.3760109},
  "113":{"x":-0.34874794, "y":0.28628126},
  "114":{"x":-0.44310373, "y":0.599078},
  "115":{"x":-0.27880847, "y":0.58735436},
  "116":{"x":-0.16213205, "y":0.4142603},
  "117":{"x":-0.122073, "y":0.5435566},
  "118":{"x":0.12954043, "y":0.52342516},
  "119":{"x":0.033894707, "y":0.5456473},
  "120":{"x":0.1969427, "y":0.5865483},
  "121":{"x":0.28023794, "y":0.6415732},
  "122":{"x":0.46854144, "y":0.5513042},
  "123":{"x":0.3994094, "y":0.6009798},
  "124":{"x":0.3259798, "y":0.4174094},
  "125":{"x":0.46994886, "y":0.27418607},
  "126":{"x":0.5348745, "y":0.11823793},
  "127":{"x":0.4448446, "y":0.1618837},
  "128":{"x":0.6416474, "y":-0.034105327},
  "129":{"x":0.6244252, "y":0.10954041},
  "130":{"x":0.6394251, "y":-0.11354046},
  "131":{"x":0.5706473, "y":-0.035894755},
  "132":{"x":0.4985732, "y":-0.21423799},
  "133":{"x":0.5715483, "y":-0.19894274},
  "134":{"x":0.39494884, "y":-0.34418607},
  "135":{"x":0.3655414, "y":-0.40630427},
  "136":{"x":0.30818605, "y":-0.4349489},
  "137":{"x":0.21723792, "y":-0.49157324},
  "138":{"x":0.11354035, "y":-0.5914251},
  "139":{"x":0.06359941, "y":-0.5271288},
  "140":{"x":-0.03489475, "y":-0.54864734},
  "141":{"x":-0.12159955, "y":-0.5161287},
  "142":{"x":-0.20094277, "y":-0.4955483},
  "143":{"x":-0.23688374, "y":-0.5768446},
  "144":{"x":-0.30640945, "y":-0.4626785},
  "145":{"x":-0.3871862, "y":-0.43394879},
  "146":{"x":-0.47797978, "y":-0.3174094},
  "147":{"x":-0.4116785, "y":-0.3474094},
  "148":{"x":-0.5268447, "y":-0.18688355},
  "149":{"x":-0.47057328, "y":-0.23023784},
  "150":{"x":-0.5226474, "y":-0.035894625},
  "151":{"x":-0.56242514, "y":-0.11354032},
  "152":{"x":-0.9146473, "y":-0.17310524},
  "153":{"x":-0.745425, "y":-0.1314594},
  "154":{"x":-0.6788745, "y":0.117238},
  "155":{"x":-0.73154825, "y":0.05294286},
  "156":{"x":-0.6009798, "y":0.2024094},
  "157":{"x":-0.575186, "y":0.26594892},
  "158":{"x":-0.7044093, "y":0.25667855},
  "159":{"x":-0.3992379, "y":0.5128745},
  "160":{"x":-0.3412379, "y":0.5515733},
  "161":{"x":-0.04959929, "y":0.5291288},
  "162":{"x":-0.07354023, "y":0.6374251},
  "163":{"x":0.061421014, "y":0.6512196},
  "164":{"x":0.09195879, "y":0.7373349},
  "165":{"x":0.2163721, "y":0.7093697},
  "166":{"x":0.47584745, "y":0.6789487},
  "167":{"x":0.5693348, "y":0.6043272},
  "168":{"x":0.4243272, "y":0.34833485},
  "169":{"x":0.5803697, "y":0.29137206},
  "170":{"x":0.6880386, "y":0.30101782},
  "171":{"x":0.7302936, "y":0.14800768},
  "172":{"x":0.7312195, "y":-0.12242107},
  "173":{"x":0.8252936, "y":-0.13200772},
  "174":{"x":0.5600685, "y":-0.27437216},
  "175":{"x":0.6873349, "y":-0.2439588},
  "176":{"x":0.51897186, "y":-0.3859795},
  "177":{"x":0.5813272, "y":-0.45833483},
  "178":{"x":0.45897943, "y":-0.45897192},
  "179":{"x":0.4808474, "y":-0.5826475},
  "180":{"x":0.27001774, "y":-0.5880387},
  "181":{"x":0.3589587, "y":-0.73933494},
  "182":{"x":0.04742095, "y":-0.64221954},
  "183":{"x":0.2510076, "y":-0.69129366},
  "184":{"x":-0.04842106, "y":-0.70721954},
  "185":{"x":-0.1330078, "y":-0.6602936},
  "186":{"x":-0.2649589, "y":-0.6723349},
  "187":{"x":-0.37284753, "y":-0.5306474},
  "188":{"x":-0.5559487, "y":-0.31584743},
  "189":{"x":-0.4953272, "y":-0.4213348},
  "190":{"x":-0.6140685, "y":-0.20337197},
  "191":{"x":0.03396134, "y":0.9259823},